{
    "faces":[32,1,6,2,0,0,0,32,3,6,7,1,1,1,32,0,5,1,2,2,2,32,0,7,4,3,3,3,32,7,10,11,4,4,4,32,4,9,5,5,5,5,32,4,11,8,6,6,6,32,5,10,6,7,7,7,32,8,13,9,8,8,8,32,8,15,12,9,9,9,32,9,14,10,10,10,10,32,11,14,15,11,11,11,32,12,19,16,12,12,12,32,13,18,14,13,13,13,32,15,18,19,14,14,14,32,12,17,13,15,15,15,32,19,22,23,16,16,16,32,16,21,17,17,17,17,32,16,23,20,18,18,18,32,17,22,18,19,19,19,32,20,27,24,20,20,20,32,21,26,22,21,21,21,32,23,26,27,22,22,22,32,20,25,21,23,23,23,32,25,30,26,24,24,24,32,27,30,31,25,25,25,32,24,29,25,26,26,26,32,24,31,28,27,27,27,32,31,30,32,28,28,28,32,29,28,32,29,29,29,32,28,31,32,29,29,29,32,30,29,32,28,28,28,32,0,1,33,30,30,30,32,1,2,33,31,31,31,32,3,0,33,30,30,30,32,1,5,6,32,32,32,32,3,2,6,33,33,33,32,0,4,5,34,34,34,32,0,3,7,35,35,35,32,7,6,10,36,36,36,32,4,8,9,37,37,37,32,4,7,11,38,38,38,32,5,9,10,39,39,39,32,8,12,13,40,40,40,32,8,11,15,41,41,41,32,9,13,14,42,42,42,32,11,10,14,43,43,43,32,12,15,19,44,44,44,32,13,17,18,45,45,45,32,15,14,18,46,46,46,32,12,16,17,47,47,47,32,19,18,22,48,48,48,32,16,20,21,49,49,49,32,16,19,23,50,50,50,32,17,21,22,51,51,51,32,20,23,27,52,52,52,32,21,25,26,53,53,53,32,23,22,26,54,54,54,32,20,24,25,55,55,55,32,25,29,30,56,56,56,32,27,26,30,57,57,57,32,24,28,29,58,58,58,32,24,27,31,59,59,59,32,2,3,33,31,31,31],
    "metadata":{
        "faces":64,
        "version":3,
        "vertices":35,
        "normals":60,
        "type":"Geometry",
        "generator":"io_three"
    },
    "normals":[-0.045913,-0.706361,0.706361,-0.0470498,-0.705746,-0.706901,0.0470881,0.706322,0.706322,0.048521,0.705622,-0.706925,-0.170425,-0.686784,-0.7066,0.146765,0.693808,0.705046,0.152237,0.690659,-0.706976,-0.163825,-0.69104,0.704007,0.271952,0.660454,0.699888,0.289875,0.646606,-0.705601,-0.257503,-0.664699,0.701332,-0.269484,-0.654461,-0.706441,0.313442,0.63444,-0.706569,-0.410403,-0.592398,0.693278,-0.421288,-0.579054,-0.698007,0.308839,0.638972,0.704509,-0.631742,-0.388861,-0.670589,0.295117,0.642716,0.706981,0.286014,0.651864,-0.702331,-0.599931,-0.457453,0.656368,0.177168,0.762787,-0.621906,-0.852913,-0.0630345,0.518234,-0.815288,0.0896316,-0.572076,0.213835,0.688145,0.693348,-0.596913,-0.383658,0.704628,-0.596913,-0.383659,-0.704628,0.56927,0.420293,0.706602,0.56927,0.420293,-0.706602,-0.636087,0.771617,0,-0.636087,0.771617,0,1,-4.37114e-08,-4.37114e-08,1,-4.37114e-08,-4.37114e-08,-0.0470498,-0.705746,0.706901,-0.045913,-0.706361,-0.706361,0.0485211,0.705622,0.706925,0.0470881,0.706322,-0.706322,-0.163825,-0.69104,-0.704007,0.152237,0.690659,0.706976,0.146765,0.693808,-0.705046,-0.170425,-0.686784,0.7066,0.289875,0.646606,0.705601,0.271952,0.660454,-0.699888,-0.269484,-0.654461,0.706441,-0.257503,-0.664699,-0.701332,0.308839,0.638972,-0.704509,-0.421288,-0.579054,0.698007,-0.410403,-0.592398,-0.693278,0.313442,0.63444,0.706569,-0.599931,-0.457453,-0.656368,0.286014,0.651864,0.702331,0.295117,0.642716,-0.706981,-0.631742,-0.388861,0.670589,0.213835,0.688145,-0.693348,-0.815288,0.0896318,0.572076,-0.852913,-0.0630345,-0.518234,0.177168,0.762787,0.621906,-0.596913,-0.383659,0.704628,-0.596913,-0.383658,-0.704628,0.56927,0.420293,0.706602,0.56927,0.420293,-0.706602],
    "vertices":[4.50411e-08,0.995475,-4.35136e-08,4.50411e-08,-0.0349458,1.03042,-4.50411e-08,-1.06537,-4.35136e-08,-4.50411e-08,-0.0349459,-1.03042,-0.804231,1.05078,-1.07769e-08,-0.907805,0.0255745,1.03042,-1.01138,-0.999628,-2.1784e-09,-0.907805,0.0255745,-1.03042,-1.46243,1.19586,1.14532e-08,-1.65422,0.197049,1.01706,-1.84601,-0.801762,2.66247e-08,-1.65422,0.197049,-1.01706,-2.01126,1.4419,2.46883e-08,-2.34012,0.479477,1.01706,-2.66898,-0.482944,4.8662e-08,-2.34012,0.479477,-1.01706,-2.62343,1.74434,3.71934e-08,-2.99576,0.872859,0.947685,-3.36808,0.0013765,6.30811e-08,-2.99576,0.872859,-0.947685,-3.04709,1.93023,4.47339e-08,-3.45974,1.2965,0.756236,-3.8724,0.662777,7.00992e-08,-3.45974,1.2965,-0.756236,-3.51633,2.03921,5.11877e-08,-3.73209,1.86136,0.279611,-3.94784,1.6835,6.11537e-08,-3.73209,1.86136,-0.279611,-4.26412,3.05207,3.81861e-08,-4.44824,2.90029,0.238613,-4.63236,2.74851,4.66909e-08,-4.44824,2.90029,-0.238613,-4.44824,2.90029,4.46315e-08,-1.34233e-15,-0.0349458,-2.91814e-08,4.56424,2.36906,-0.467314]
}