{
    "normals":[-0.706361,-0.706361,-0.0459129,0.706901,-0.705746,-0.0470497,-0.706322,0.706322,0.047088,0.706925,0.705622,0.048521,0.7066,-0.686784,-0.170425,-0.705047,0.693808,0.146765,0.706976,0.690659,0.152237,-0.704007,-0.69104,-0.163825,-0.699888,0.660454,0.271952,0.705601,0.646606,0.289875,-0.701332,-0.664699,-0.257503,0.706441,-0.654461,-0.269484,0.706569,0.63444,0.313442,-0.693278,-0.592398,-0.410402,0.698007,-0.579054,-0.421288,-0.704509,0.638972,0.308839,0.670589,-0.388861,-0.631742,-0.706981,0.642716,0.295117,0.702331,0.651864,0.286014,-0.656368,-0.457453,-0.599931,0.621905,0.762788,0.177168,-0.518234,-0.0630346,-0.852913,0.572076,0.0896317,-0.815288,-0.693348,0.688145,0.213835,-0.704628,-0.383658,-0.596913,0.704628,-0.383659,-0.596913,-0.706602,0.420293,0.56927,0.706602,0.420293,0.56927,0,0.771617,-0.636087,0,0.771617,-0.636087,0,0.771617,-0.636087,-0.706901,-0.705746,-0.0470497,0.706361,-0.706361,-0.0459128,-0.706926,0.705622,0.048521,0.706322,0.706322,0.047088,0.704007,-0.69104,-0.163825,-0.706976,0.690659,0.152237,0.705046,0.693808,0.146765,-0.7066,-0.686784,-0.170425,-0.705601,0.646606,0.289875,0.699888,0.660454,0.271952,-0.706441,-0.654461,-0.269484,0.701332,-0.664699,-0.257503,0.704509,0.638972,0.308839,-0.698007,-0.579054,-0.421288,0.693278,-0.592398,-0.410402,-0.706569,0.63444,0.313442,0.656368,-0.457453,-0.599931,-0.702331,0.651864,0.286014,0.706981,0.642716,0.295117,-0.670589,-0.388861,-0.631742,0.693348,0.688145,0.213835,-0.572076,0.0896317,-0.815288,0.518234,-0.0630345,-0.852913,-0.621905,0.762788,0.177168,-0.704628,-0.383659,-0.596913,0.704628,-0.383658,-0.596913,-0.706602,0.420293,0.56927,0.706602,0.420293,0.56927,-0,-0,1,0,0,1,-0,0,1,0,-0,1],
    "vertices":[0,-0.292804,5.784e-08,-1.03042,-1.32323,5.784e-08,9.00823e-08,-2.35365,5.784e-08,1.03042,-1.32323,5.784e-08,9.15198e-16,-0.237502,-0.804231,-1.03042,-1.2627,-0.907805,9.00823e-08,-2.28791,-1.01138,1.03042,-1.2627,-0.907805,1.99136e-10,-0.0924199,-1.46243,-1.01706,-1.09123,-1.65422,8.91131e-08,-2.09004,-1.84601,1.01706,-1.09123,-1.65422,1.99137e-10,0.153619,-2.01126,-1.01706,-0.808803,-2.34012,8.91131e-08,-1.77122,-2.66898,1.01706,-0.808803,-2.34012,1.23287e-09,0.456062,-2.62343,-0.947685,-0.415421,-2.99576,8.40821e-08,-1.2869,-3.36808,0.947685,-0.415421,-2.99576,4.08568e-09,0.641946,-3.04709,-0.756236,0.00822151,-3.45974,7.01979e-08,-0.625503,-3.8724,0.756236,0.00822151,-3.45974,1.33792e-08,0.750935,-3.51633,-0.279611,0.573078,-3.73209,3.78236e-08,0.395221,-3.94784,0.279611,0.573078,-3.73209,1.47945e-08,1.76379,-4.26412,-0.238613,1.61201,-4.44824,3.56547e-08,1.46023,-4.63236,0.238613,1.61201,-4.44824,2.30317e-08,1.61201,-4.44824,1.53545e-08,-1.32323,5.784e-08],
    "metadata":{
        "normals":63,
        "version":3,
        "type":"Geometry",
        "uvs":0,
        "faces":64,
        "generator":"io_three",
        "vertices":34
    },
    "faces":[32,1,6,2,0,0,0,32,3,6,7,1,1,1,32,0,5,1,2,2,2,32,0,7,4,3,3,3,32,7,10,11,4,4,4,32,4,9,5,5,5,5,32,4,11,8,6,6,6,32,5,10,6,7,7,7,32,8,13,9,8,8,8,32,8,15,12,9,9,9,32,9,14,10,10,10,10,32,11,14,15,11,11,11,32,12,19,16,12,12,12,32,13,18,14,13,13,13,32,15,18,19,14,14,14,32,12,17,13,15,15,15,32,19,22,23,16,16,16,32,16,21,17,17,17,17,32,16,23,20,18,18,18,32,17,22,18,19,19,19,32,20,27,24,20,20,20,32,21,26,22,21,21,21,32,23,26,27,22,22,22,32,20,25,21,23,23,23,32,25,30,26,24,24,24,32,27,30,31,25,25,25,32,24,29,25,26,26,26,32,24,31,28,27,27,27,32,31,30,32,28,28,28,32,29,28,32,29,29,29,32,28,31,32,29,29,29,32,30,29,32,30,30,30,32,1,5,6,31,31,31,32,3,2,6,32,32,32,32,0,4,5,33,33,33,32,0,3,7,34,34,34,32,7,6,10,35,35,35,32,4,8,9,36,36,36,32,4,7,11,37,37,37,32,5,9,10,38,38,38,32,8,12,13,39,39,39,32,8,11,15,40,40,40,32,9,13,14,41,41,41,32,11,10,14,42,42,42,32,12,15,19,43,43,43,32,13,17,18,44,44,44,32,15,14,18,45,45,45,32,12,16,17,46,46,46,32,19,18,22,47,47,47,32,16,20,21,48,48,48,32,16,19,23,49,49,49,32,17,21,22,50,50,50,32,20,23,27,51,51,51,32,21,25,26,52,52,52,32,23,22,26,53,53,53,32,20,24,25,54,54,54,32,25,29,30,55,55,55,32,27,26,30,56,56,56,32,24,28,29,57,57,57,32,24,27,31,58,58,58,32,3,0,33,59,59,59,32,1,2,33,60,60,60,32,2,3,33,61,61,61,32,0,1,33,62,62,62],
    "uvs":[]
}