{
    "faces":[32,1,0,4,0,0,0,32,0,3,4,0,0,0,32,2,1,4,1,1,1,32,2,6,1,2,2,2,32,2,8,5,3,3,3,32,1,7,0,4,4,4,32,3,7,8,5,5,5,32,7,10,11,6,6,6,32,6,9,10,7,7,7,32,7,12,8,8,8,8,32,8,9,5,9,9,9,32,10,13,14,10,10,10,32,11,16,12,11,11,11,32,11,14,15,12,12,12,32,12,13,9,13,13,13,32,15,18,19,14,14,14,32,16,17,13,15,15,15,32,14,17,18,16,16,16,32,15,20,16,17,17,17,32,20,21,17,18,18,18,32,18,21,22,19,19,19,32,19,24,20,20,20,20,32,19,22,23,21,21,21,32,22,25,26,22,22,22,32,23,28,24,23,23,23,32,23,26,27,24,24,24,32,24,25,21,25,25,25,32,27,30,31,26,26,26,32,28,29,25,27,27,27,32,26,29,30,28,28,28,32,27,32,28,29,29,29,32,30,33,34,30,30,30,32,31,36,32,31,31,31,32,31,34,35,32,32,32,32,32,33,29,33,33,33,32,34,33,37,34,34,34,32,36,35,37,35,35,35,32,35,34,37,36,36,36,32,33,36,37,37,37,37,32,3,2,4,1,1,1,32,2,5,6,38,38,38,32,2,3,8,39,39,39,32,1,6,7,40,40,40,32,3,0,7,41,41,41,32,7,6,10,42,42,42,32,6,5,9,43,43,43,32,7,11,12,44,44,44,32,8,12,9,45,45,45,32,10,9,13,46,46,46,32,11,15,16,47,47,47,32,11,10,14,48,48,48,32,12,16,13,49,49,49,32,15,14,18,50,50,50,32,16,20,17,51,51,51,32,14,13,17,52,52,52,32,15,19,20,53,53,53,32,20,24,21,54,54,54,32,18,17,21,55,55,55,32,19,23,24,56,56,56,32,19,18,22,57,57,57,32,22,21,25,58,58,58,32,23,27,28,59,59,59,32,23,22,26,60,60,60,32,24,28,25,61,61,61,32,27,26,30,62,62,62,32,28,32,29,63,63,63,32,26,25,29,64,64,64,32,27,31,32,65,65,65,32,30,29,33,66,66,66,32,31,35,36,67,67,67,32,31,30,34,68,68,68,32,32,36,33,69,69,69],
    "metadata":{
        "faces":72,
        "version":3,
        "vertices":38,
        "normals":70,
        "type":"Geometry",
        "generator":"io_three"
    },
    "normals":[-1,4.37114e-08,4.37114e-08,-1,4.37114e-08,4.37114e-08,0.0406632,-0.706522,0.706522,0.0457491,-0.709158,-0.703564,-0.0335972,0.706708,0.706708,-0.0408524,0.709813,-0.703205,-0.198456,0.68076,0.70511,0.243994,-0.663943,0.706857,-0.19994,0.679448,-0.705956,0.239351,-0.668946,-0.703721,0.322028,-0.629522,0.707107,-0.293155,0.643749,-0.706857,-0.292953,0.643963,0.706747,0.320157,-0.631723,-0.705993,-0.356476,0.610828,0.706976,0.463463,-0.546528,-0.697502,0.470503,-0.534397,0.702173,-0.35586,0.611651,-0.706574,0.571141,-0.45197,-0.685216,0.592403,-0.396774,0.701163,-0.427386,0.565204,-0.70561,-0.4211,0.57405,0.70224,0.696355,-0.234558,0.678286,-0.348137,0.633195,-0.691277,-0.342288,0.645431,0.682831,0.694395,-0.252825,-0.673717,-0.327273,0.65699,0.679158,0.70641,-0.216432,-0.673901,0.70641,-0.216432,0.673901,-0.327274,0.65699,-0.679159,0.566508,-0.424877,0.70608,-0.566508,0.424877,-0.706079,-0.566507,0.424879,0.706079,0.566508,-0.424876,-0.70608,0.659123,0.752035,0,0.659125,0.752034,0,0.659125,0.752034,-0,0.659123,0.752035,0,0.0457492,-0.709158,0.703563,0.0406632,-0.706522,-0.706522,-0.0408525,0.709813,0.703205,-0.0335973,0.706708,-0.706708,-0.19994,0.679448,0.705956,0.239351,-0.668946,0.703721,-0.198456,0.68076,-0.705111,0.243994,-0.663943,-0.706857,0.320157,-0.631723,0.705993,-0.292953,0.643962,-0.706747,-0.293155,0.643749,0.706857,0.322028,-0.629522,-0.707107,-0.35586,0.611651,0.706574,0.470503,-0.534397,-0.702173,0.463463,-0.546528,0.697502,-0.356476,0.610828,-0.706976,0.592403,-0.396774,-0.701163,0.571141,-0.45197,0.685216,-0.4211,0.57405,-0.70224,-0.427386,0.565204,0.70561,0.694395,-0.252825,0.673717,-0.342288,0.64543,-0.682831,-0.348137,0.633195,0.691277,0.696355,-0.234558,-0.678286,-0.327274,0.65699,0.679159,0.70641,-0.216432,-0.673901,0.70641,-0.216432,0.673901,-0.327273,0.65699,-0.679158,0.566508,-0.424876,0.70608,-0.566507,0.424879,-0.706079,-0.566508,0.424877,0.706079,0.566508,-0.424877,-0.70608],
    "vertices":[4.50411e-08,0.995475,-4.35136e-08,4.50411e-08,-0.0349458,1.03042,-4.50411e-08,-1.06537,-4.35136e-08,-4.50411e-08,-0.0349459,-1.03042,-1.34233e-15,-0.0349458,-2.91814e-08,1.37873,-0.976422,-1.07668e-07,1.16838,0.032299,1.03042,0.958024,1.04102,-8.7381e-08,1.16838,0.0322989,-1.03042,2.51376,-0.570307,-1.72593e-07,2.13502,0.351712,0.996774,1.75629,1.27373,-1.32948e-07,2.13502,0.351712,-0.996774,3.32777,-0.157766,-2.24836e-07,2.88312,0.713152,0.977861,2.43847,1.58407,-1.76614e-07,2.88312,0.713152,-0.977861,4.02052,0.429692,-2.74971e-07,3.54716,1.19227,0.897547,3.07381,1.95485,-2.2179e-07,3.54716,1.19227,-0.897548,4.52968,1.07311,-3.18053e-07,3.95904,1.62936,0.796902,3.3884,2.18562,-2.47128e-07,3.95904,1.62936,-0.796902,4.77298,1.74135,-3.40499e-07,4.3541,2.10848,0.556999,3.93522,2.47561,-2.87281e-07,4.3541,2.10848,-0.556999,4.84003,1.96017,-3.46491e-07,4.48859,2.26819,0.467313,4.13715,2.57621,-3.01841e-07,4.48859,2.26819,-0.467314,4.91568,2.06104,-3.54207e-07,4.56424,2.36906,0.467313,4.2128,2.67707,-3.09557e-07,4.56424,2.36906,-0.467314,4.56424,2.36906,-3.33773e-07]
}