{
    "normals":[0,0,-1,-0,-0,-1,-0.706522,-0.706522,0.0406632,0.703563,-0.709158,0.0457492,-0.706708,0.706708,-0.0335973,0.703205,0.709813,-0.0408525,-0.70511,0.68076,-0.198456,-0.706857,-0.663943,0.243994,0.705956,0.679448,-0.19994,0.703721,-0.668946,0.239351,-0.707107,-0.629522,0.322028,0.706857,0.643749,-0.293155,-0.706747,0.643962,-0.292953,0.705993,-0.631723,0.320157,-0.706976,0.610828,-0.356476,0.697502,-0.546528,0.463463,-0.702173,-0.534397,0.470503,0.706574,0.611651,-0.35586,0.685216,-0.45197,0.571141,-0.701163,-0.396774,0.592403,0.70561,0.565204,-0.427386,-0.70224,0.57405,-0.4211,-0.678286,-0.234558,0.696355,0.691277,0.633195,-0.348137,-0.682831,0.645431,-0.342288,0.673717,-0.252825,0.694395,-0.679158,0.65699,-0.327273,0.673901,-0.216432,0.70641,-0.673901,-0.216432,0.70641,0.679159,0.65699,-0.327274,-0.70608,-0.424877,0.566508,0.706079,0.424877,-0.566508,-0.706079,0.424879,-0.566507,0.70608,-0.424876,0.566508,0,0.752035,0.659123,0,0.752034,0.659125,0,0.752034,0.659125,-0,0.752035,0.659123,-0,0,-1,-0.703563,-0.709158,0.0457493,0.706522,-0.706522,0.0406633,-0.703205,0.709813,-0.0408524,0.706708,0.706708,-0.0335973,-0.705956,0.679448,-0.19994,-0.70372,-0.668946,0.239351,0.70511,0.68076,-0.198456,0.706857,-0.663943,0.243994,-0.705992,-0.631723,0.320157,0.706747,0.643962,-0.292953,-0.706857,0.643749,-0.293155,0.707107,-0.629522,0.322028,-0.706574,0.611651,-0.35586,0.702173,-0.534397,0.470503,-0.697502,-0.546528,0.463463,0.706976,0.610828,-0.356476,0.701163,-0.396774,0.592403,-0.685216,-0.45197,0.571141,0.70224,0.57405,-0.4211,-0.70561,0.565204,-0.427386,-0.673717,-0.252825,0.694395,0.682831,0.64543,-0.342288,-0.691277,0.633195,-0.348137,0.678286,-0.234558,0.696355,-0.679159,0.65699,-0.327274,0.673901,-0.216432,0.70641,-0.673901,-0.216432,0.70641,0.679158,0.656991,-0.327273,-0.70608,-0.424876,0.566508,0.706079,0.424879,-0.566507,-0.706079,0.424877,-0.566508,0.70608,-0.424877,0.566508],
    "vertices":[0,-0.292804,5.784e-08,-1.03042,-1.32323,5.784e-08,9.00823e-08,-2.35365,5.784e-08,1.03042,-1.32323,5.784e-08,3.07089e-08,-1.32323,5.784e-08,-0.238613,1.61201,-4.44824,9.00823e-08,-2.2647,1.37873,-1.03042,-1.25598,1.16838,9.17064e-16,-0.247259,0.958024,1.03042,-1.25598,1.16838,8.76421e-08,-1.85859,2.51376,-0.996774,-0.936568,2.13502,5.0138e-10,-0.0145484,1.75629,0.996774,-0.936568,2.13502,8.62705e-08,-1.44605,3.32777,-0.977861,-0.575127,2.88312,7.83207e-10,0.295792,2.43847,0.977861,-0.575127,2.88312,8.0446e-08,-0.858587,4.02052,-0.897547,-0.0960077,3.54716,1.97997e-09,0.666572,3.07381,0.897547,-0.0960077,3.54716,7.31471e-08,-0.215173,4.52968,-0.796902,0.341083,3.95904,3.47971e-09,0.89734,3.3884,0.796902,0.341083,3.95904,5.57489e-08,0.453071,4.77298,-0.556999,0.820202,4.3541,7.05454e-09,1.18733,3.93522,0.556999,0.820202,4.3541,4.92448e-08,0.671892,4.84003,-0.467313,0.979909,4.48859,8.39096e-09,1.28793,4.13715,0.467313,0.979909,4.48859,4.92448e-08,0.772759,4.91568,-0.467313,1.08078,4.56424,8.39096e-09,1.38879,4.2128,0.467313,1.08078,4.56424,3.07089e-08,1.08078,4.56424],
    "metadata":{
        "normals":71,
        "version":3,
        "type":"Geometry",
        "uvs":0,
        "faces":72,
        "generator":"io_three",
        "vertices":39
    },
    "faces":[32,0,3,4,0,0,0,32,2,1,4,1,1,1,32,3,2,4,0,0,0,32,2,7,1,2,2,2,32,2,9,6,3,3,3,32,1,8,0,4,4,4,32,3,8,9,5,5,5,32,8,11,12,6,6,6,32,7,10,11,7,7,7,32,8,13,9,8,8,8,32,9,10,6,9,9,9,32,11,14,15,10,10,10,32,12,17,13,11,11,11,32,12,15,16,12,12,12,32,13,14,10,13,13,13,32,16,19,20,14,14,14,32,17,18,14,15,15,15,32,15,18,19,16,16,16,32,16,21,17,17,17,17,32,21,22,18,18,18,18,32,19,22,23,19,19,19,32,20,25,21,20,20,20,32,20,23,24,21,21,21,32,23,26,27,22,22,22,32,24,29,25,23,23,23,32,24,27,28,24,24,24,32,25,26,22,25,25,25,32,28,31,32,26,26,26,32,29,30,26,27,27,27,32,27,30,31,28,28,28,32,28,33,29,29,29,29,32,31,34,35,30,30,30,32,32,37,33,31,31,31,32,32,35,36,32,32,32,32,33,34,30,33,33,33,32,35,34,38,34,34,34,32,37,36,38,35,35,35,32,36,35,38,36,36,36,32,34,37,38,37,37,37,32,1,0,4,38,38,38,32,2,6,7,39,39,39,32,2,3,9,40,40,40,32,1,7,8,41,41,41,32,3,0,8,42,42,42,32,8,7,11,43,43,43,32,7,6,10,44,44,44,32,8,12,13,45,45,45,32,9,13,10,46,46,46,32,11,10,14,47,47,47,32,12,16,17,48,48,48,32,12,11,15,49,49,49,32,13,17,14,50,50,50,32,16,15,19,51,51,51,32,17,21,18,52,52,52,32,15,14,18,53,53,53,32,16,20,21,54,54,54,32,21,25,22,55,55,55,32,19,18,22,56,56,56,32,20,24,25,57,57,57,32,20,19,23,58,58,58,32,23,22,26,59,59,59,32,24,28,29,60,60,60,32,24,23,27,61,61,61,32,25,29,26,62,62,62,32,28,27,31,63,63,63,32,29,33,30,64,64,64,32,27,26,30,65,65,65,32,28,32,33,66,66,66,32,31,30,34,67,67,67,32,32,36,37,68,68,68,32,32,31,35,69,69,69,32,33,37,34,70,70,70],
    "uvs":[]
}